{"551426822299189259-806808047509831700": {"money": 0, "time": 0, "time2": 0, "time3": 0, "inventory": {"things": {}, "capacity": 25}}, "760962110900928592-693009303526703134": {"money": 425, "time": 1616751457.353496, "time2": 1616753881.5830355, "time3": 1616753481.101464, "inventory": {"things": {":mouse:": 0, ":hamster:": 0}, "capacity": 25}}}